,Model,ROC AUC (CV Mean),ROC AUC (CV Std),ROC AUC (Test Set),Precision,Recall,F1-Score
0,RandomForest,0.801006668609465,0.017060147712712775,0.7859955993234139,0.5,0.03463203463203463,0.06477732793522267
1,LogisticRegression,0.7962244326842599,0.012110258798230649,0.7912461894249974,0.0,0.0,0.0
2,SVM,0.7327268831306343,0.016946584910760294,0.7452469348164712,1.0,0.004329004329004329,0.008620689655172414
3,NaiveBayes,0.6047634666569566,0.08226134845513366,0.6392699463891518,0.059988992845349476,0.9437229437229437,0.11280724450194049
4,DecisionTree,0.5719230327255941,0.019595829003544004,0.5599203960131113,0.155893536121673,0.1774891774891775,0.1659919028340081
5,KNN,0.634207761339206,0.019477845983219347,0.6441173800445323,0.3157894736842105,0.05194805194805195,0.08921933085501858
6,BestRandomForest_Tuned,,,0.8119033284596198,0.0,0.0,0.0
