,Model,ROC AUC (CV Mean),ROC AUC (CV Std),ROC AUC (Test Set),Precision,Recall,F1-Score
0,RandomForest,0.756637168141593,0.06126500360864881,0.764885037748799,0.59375,0.3064516129032258,0.40425531914893614
1,LogisticRegression,0.7530255919636452,0.03405386557421486,0.740305422100206,0.6382978723404256,0.4838709677419355,0.5504587155963303
2,SVM,0.7373355656541497,0.03768492106845595,0.7575926561427591,0.6923076923076923,0.2903225806451613,0.4090909090909091
3,NaiveBayes,0.7173642669217891,0.059615787082365576,0.7236616334934798,0.3597122302158273,0.8064516129032258,0.4975124378109453
4,DecisionTree,0.595575221238938,0.05939216119653033,0.5895676046671243,0.4117647058823529,0.3387096774193548,0.37168141592920356
5,KNN,0.562497010284621,0.021104676790608273,0.6130748112560056,0.36363636363636365,0.1935483870967742,0.25263157894736843
6,BestRandomForest_Tuned,,,0.7537748798901853,0.5,0.03225806451612903,0.06060606060606061
